<?xml version="1.0" encoding="UTF-8"?>
<project-private xmlns="http://www.netbeans.org/ns/project-private/1">
    <editor-bookmarks xmlns="http://www.netbeans.org/ns/editor-bookmarks/2" lastBookmarkId="0"/>
    <open-files xmlns="http://www.netbeans.org/ns/projectui-open-files/2">
        <group>
            <file>file:/C:/Users/Rodrigo/Desktop/Rodrigo/2017/Segundo%20Semestre/POO/Ejercicio8/Ejercicio(/src/ejercicio/Cubico.java</file>
            <file>file:/C:/Users/Rodrigo/Desktop/Rodrigo/2017/Segundo%20Semestre/POO/Ejercicio8/Ejercicio(/src/ejercicio/Valvula.java</file>
            <file>file:/C:/Users/Rodrigo/Desktop/Rodrigo/2017/Segundo%20Semestre/POO/Ejercicio8/Ejercicio(/src/ejercicio/Acueducto.java</file>
            <file>file:/C:/Users/Rodrigo/Desktop/Rodrigo/2017/Segundo%20Semestre/POO/Ejercicio8/Ejercicio(/src/ejercicio/MunicipioMAINGUI.java</file>
            <file>file:/C:/Users/Rodrigo/Desktop/Rodrigo/2017/Segundo%20Semestre/POO/Ejercicio8/Ejercicio(/src/ejercicio/Cilindrico.java</file>
            <file>file:/C:/Users/Rodrigo/Desktop/Rodrigo/2017/Segundo%20Semestre/POO/Ejercicio8/Ejercicio(/src/ejercicio/Tanque.java</file>
            <file>file:/C:/Users/Rodrigo/Desktop/Rodrigo/2017/Segundo%20Semestre/POO/Ejercicio8/Ejercicio(/src/ejercicio/Ortogonal.java</file>
        </group>
    </open-files>
</project-private>
